1.0	0.0	8632.0	-1.0	-367.0	-204.0	0.0	0.0	0.0	1000.0	1000.0	1000.0	1000.0	0.028027
1.0	0.0	8612.0	-1.0	-367.0	-207.0	0.0	0.0	0.0	1000.0	1000.0	1000.0	1000.0	0.09142
1.0	0.0	8632.0	-1.0	-369.0	-216.0	0.0	0.0	0.0	1000.0	1000.0	1000.0	1000.0	0.12347799999999999
1.0	0.0	8616.0	0.0	-368.0	-205.0	0.0	0.0	0.0	1000.0	1000.0	1000.0	1000.0	0.17133099999999998
1.0	0.0	8620.0	0.0	-370.0	-209.0	0.0	0.0	0.0	1000.0	1000.0	1000.0	1000.0	0.20329
1.0	0.0	8604.0	-1.0	-370.0	-216.0	0.0	0.0	0.0	1000.0	1000.0	1000.0	1000.0	0.235229
1.0	0.0	8568.0	-1.0	-368.0	-212.0	0.0	0.0	0.0	1000.0	1000.0	1000.0	1000.0	0.283215
1.0	0.0	8672.0	-1.0	-366.0	-206.0	0.0	0.0	0.0	1000.0	1000.0	1000.0	1000.0	0.315176
1.0	0.0	8656.0	-1.0	-367.0	-205.0	0.0	0.0	0.0	1000.0	1000.0	1000.0	1000.0	0.347132
1.0	0.0	8596.0	-1.0	-368.0	-211.0	0.0	0.0	0.0	1000.0	1000.0	1000.0	1000.0	0.379141
1.0	0.0	8524.0	0.0	-367.0	-206.0	0.0	0.0	0.0	1000.0	1000.0	1000.0	1000.0	0.411082
1.0	0.0	8616.0	0.0	-369.0	-217.0	0.0	0.0	0.0	1000.0	1000.0	1000.0	1000.0	0.45914299999999997
1.0	0.0	8680.0	-1.0	-370.0	-226.0	0.0	0.0	0.0	1000.0	1000.0	1000.0	1000.0	0.491118
1.0	0.0	8580.0	-1.0	-371.0	-223.0	0.0	0.0	0.0	1000.0	1000.0	1000.0	1000.0	0.5231
1.0	0.0	8476.0	-1.0	-370.0	-209.0	0.0	0.0	0.0	1000.0	1000.0	1000.0	1000.0	0.5550889999999999
1.0	0.0	8624.0	-1.0	-371.0	-216.0	0.0	0.0	0.0	1000.0	1000.0	1000.0	1000.0	0.587087
1.0	0.0	8636.0	-1.0	-369.0	-207.0	0.0	0.0	0.0	1000.0	1000.0	1000.0	1000.0	0.63508
1.0	0.0	8604.0	0.0	-367.0	-197.0	0.0	0.0	0.0	1000.0	1000.0	1000.0	1000.0	0.667213
1.0	0.0	8548.0	0.0	-368.0	-202.0	0.0	0.0	0.0	1000.0	1000.0	1000.0	1000.0	0.699043
1.0	0.0	8600.0	0.0	-369.0	-203.0	0.0	0.0	0.0	1000.0	1000.0	1000.0	1000.0	0.731117
1.0	0.0	8656.0	-1.0	-367.0	-199.0	0.0	0.0	0.0	1000.0	1000.0	1000.0	1000.0	0.7631169999999999
1.0	0.0	8604.0	-1.0	-368.0	-199.0	0.0	0.0	0.0	1000.0	1000.0	1000.0	1000.0	0.811004
1.0	0.0	8532.0	-1.0	-363.0	-180.0	0.0	0.0	0.0	1000.0	1000.0	1000.0	1000.0	0.842928
1.0	0.0	8612.0	-1.0	-363.0	-177.0	0.0	0.0	0.0	1000.0	1000.0	1000.0	1000.0	0.87479
1.0	0.0	8612.0	0.0	-369.0	-203.0	0.0	0.0	0.0	1000.0	1000.0	1000.0	1000.0	0.906851
1.0	0.0	8604.0	0.0	-369.0	-205.0	0.0	0.0	0.0	1000.0	1000.0	1000.0	1000.0	0.9387759999999999
1.0	0.0	8464.0	0.0	-369.0	-206.0	0.0	0.0	0.0	1000.0	1000.0	1000.0	1000.0	0.9867199999999999
1.0	0.0	8464.0	0.0	-369.0	-206.0	0.0	0.0	0.0	1000.0	1000.0	1000.0	1000.0	1.03473
1.0	0.0	8572.0	-1.0	-371.0	-215.0	0.0	0.0	0.0	1000.0	1000.0	1000.0	1000.0	1.066704
1.0	0.0	8644.0	-1.0	-375.0	-238.0	0.0	0.0	0.0	1000.0	1000.0	1000.0	1000.0	1.115047
1.0	0.0	8592.0	0.0	-373.0	-236.0	0.0	0.0	0.0	1000.0	1000.0	1000.0	1000.0	1.162656
1.0	0.0	8568.0	0.0	-370.0	-224.0	0.0	0.0	0.0	1000.0	1000.0	1000.0	1000.0	1.194645
1.0	0.0	8636.0	0.0	-371.0	-223.0	0.0	0.0	0.0	1000.0	1000.0	1000.0	1000.0	1.227004
1.0	0.0	8600.0	-1.0	-371.0	-221.0	0.0	0.0	0.0	1000.0	1000.0	1000.0	1000.0	1.2586249999999999
1.0	0.0	8584.0	-1.0	-370.0	-217.0	0.0	0.0	0.0	1000.0	1000.0	1000.0	1000.0	1.290641
1.0	0.0	8664.0	-1.0	-370.0	-213.0	0.0	0.0	0.0	1000.0	1000.0	1000.0	1000.0	1.338862
1.0	0.0	8632.0	-1.0	-371.0	-212.0	0.0	0.0	0.0	1000.0	1000.0	1000.0	1000.0	1.370665
1.0	0.0	8580.0	0.0	-371.0	-210.0	0.0	0.0	0.0	1000.0	1000.0	1000.0	1000.0	1.402569
1.0	0.0	8540.0	0.0	-367.0	-196.0	0.0	0.0	0.0	1000.0	1000.0	1000.0	1000.0	1.434829
1.0	0.0	8668.0	0.0	-366.0	-186.0	0.0	0.0	0.0	1000.0	1000.0	1000.0	1000.0	1.466724
1.0	0.0	8632.0	-1.0	-369.0	-200.0	0.0	0.0	0.0	1000.0	1000.0	1000.0	1000.0	1.514284
1.0	0.0	8624.0	-1.0	-366.0	-188.0	0.0	0.0	0.0	1000.0	1000.0	1000.0	1000.0	1.5462069999999999
1.0	0.0	8564.0	-1.0	-367.0	-189.0	0.0	0.0	0.0	1000.0	1000.0	1000.0	1000.0	1.578246
1.0	0.0	8624.0	-1.0	-369.0	-200.0	0.0	0.0	0.0	1000.0	1000.0	1000.0	1000.0	1.610579
1.0	0.0	8664.0	-1.0	-371.0	-208.0	0.0	0.0	0.0	1000.0	1000.0	1000.0	1000.0	1.642137
1.0	0.0	8612.0	0.0	-369.0	-202.0	0.0	0.0	0.0	1000.0	1000.0	1000.0	1000.0	1.690215
1.0	0.0	8500.0	0.0	-369.0	-201.0	0.0	0.0	0.0	1000.0	1000.0	1000.0	1000.0	1.722113
1.0	0.0	8612.0	-1.0	-369.0	-206.0	0.0	0.0	0.0	1000.0	1000.0	1000.0	1000.0	1.7540749999999998
1.0	0.0	8656.0	-1.0	-368.0	-198.0	0.0	0.0	0.0	1000.0	1000.0	1000.0	1000.0	1.786266
1.0	0.0	8616.0	-1.0	-364.0	-180.0	0.0	0.0	0.0	1000.0	1000.0	1000.0	1000.0	1.818163
1.0	0.0	8488.0	-1.0	-365.0	-186.0	0.0	0.0	0.0	1000.0	1000.0	1000.0	1000.0	1.866006
1.0	0.0	8612.0	-1.0	-367.0	-191.0	0.0	0.0	0.0	1000.0	1000.0	1000.0	1000.0	1.898028
1.0	0.0	8592.0	-1.0	-368.0	-196.0	0.0	0.0	0.0	1000.0	1000.0	1000.0	1000.0	1.929961
1.0	0.0	8612.0	0.0	-370.0	-210.0	0.0	0.0	0.0	1000.0	1000.0	1000.0	1000.0	1.962094
1.0	0.0	8468.0	-1.0	-371.0	-215.0	0.0	0.0	0.0	1000.0	1000.0	1000.0	1000.0	1.99396
1.0	0.0	8576.0	-1.0	-375.0	-241.0	0.0	0.0	0.0	1000.0	1000.0	1000.0	1000.0	2.025943
1.0	0.0	8680.0	-1.0	-378.0	-253.0	0.0	0.0	0.0	1000.0	1000.0	1000.0	1000.0	2.074161
1.0	0.0	8604.0	-1.0	-376.0	-246.0	0.0	0.0	0.0	1000.0	1000.0	1000.0	1000.0	2.105863
1.0	0.0	8492.0	-1.0	-374.0	-236.0	0.0	0.0	0.0	1000.0	1000.0	1000.0	1000.0	2.137966
1.0	0.0	8612.0	0.0	-373.0	-229.0	0.0	0.0	0.0	1000.0	1000.0	1000.0	1000.0	2.169786
1.0	0.0	8544.0	0.0	-372.0	-223.0	0.0	0.0	0.0	1000.0	1000.0	1000.0	1000.0	2.2017889999999998
1.0	0.0	8632.0	0.0	-369.0	-210.0	0.0	0.0	0.0	1000.0	1000.0	1000.0	1000.0	2.24972
1.0	0.0	8468.0	-1.0	-376.0	-234.0	0.0	0.0	0.0	1000.0	1000.0	1000.0	1000.0	2.2816739999999998
1.0	0.0	8584.0	-1.0	-375.0	-230.0	0.0	0.0	0.0	1000.0	1000.0	1000.0	1000.0	2.313644
1.0	0.0	8552.0	-1.0	-370.0	-210.0	0.0	0.0	0.0	1000.0	1000.0	1000.0	1000.0	2.345579
1.0	0.0	8648.0	-1.0	-369.0	-202.0	0.0	0.0	0.0	1000.0	1000.0	1000.0	1000.0	2.377598
1.0	0.0	8480.0	-1.0	-376.0	-223.0	0.0	0.0	0.0	1000.0	1000.0	1000.0	1000.0	2.425996
1.0	0.0	8584.0	0.0	-375.0	-223.0	0.0	0.0	0.0	1000.0	1000.0	1000.0	1000.0	2.457605
1.0	0.0	8568.0	0.0	-373.0	-213.0	0.0	0.0	0.0	1000.0	1000.0	1000.0	1000.0	2.489681
1.0	0.0	8640.0	-1.0	-373.0	-212.0	0.0	0.0	0.0	1000.0	1000.0	1000.0	1000.0	2.521472
1.0	0.0	8484.0	-1.0	-370.0	-203.0	0.0	0.0	0.0	1000.0	1000.0	1000.0	1000.0	2.5534499999999998
1.0	0.0	8600.0	-1.0	-367.0	-194.0	0.0	0.0	0.0	1000.0	1000.0	1000.0	1000.0	2.601661
1.0	0.0	8584.0	-1.0	-368.0	-198.0	0.0	0.0	0.0	1000.0	1000.0	1000.0	1000.0	2.63414
1.0	0.0	8660.0	0.0	-369.0	-197.0	0.0	0.0	0.0	1000.0	1000.0	1000.0	1000.0	2.665484
1.0	0.0	8588.0	0.0	-367.0	-191.0	0.0	0.0	0.0	1000.0	1000.0	1000.0	1000.0	2.6975759999999998
1.0	0.0	8572.0	0.0	-367.0	-208.0	0.0	0.0	0.0	1000.0	1000.0	1000.0	1000.0	2.729795
1.0	0.0	8664.0	-1.0	-370.0	-218.0	0.0	0.0	0.0	1000.0	1000.0	1000.0	1000.0	2.7773
1.0	0.0	8648.0	-1.0	-371.0	-216.0	0.0	0.0	0.0	1000.0	1000.0	1000.0	1000.0	2.809329
1.0	0.0	8588.0	-1.0	-373.0	-216.0	0.0	0.0	0.0	1000.0	1000.0	1000.0	1000.0	2.841295
1.0	0.0	8552.0	-1.0	-373.0	-217.0	0.0	0.0	0.0	1000.0	1000.0	1000.0	1000.0	2.873231
1.0	0.0	8660.0	-1.0	-371.0	-207.0	0.0	0.0	0.0	1000.0	1000.0	1000.0	1000.0	2.9054789999999997
1.0	0.0	8640.0	0.0	-371.0	-214.0	0.0	0.0	0.0	1000.0	1000.0	1000.0	1000.0	2.937471
1.0	0.0	8584.0	0.0	-373.0	-231.0	0.0	0.0	0.0	1000.0	1000.0	1000.0	1000.0	3.001711
1.0	0.0	8508.0	-1.0	-369.0	-212.0	0.0	0.0	0.0	1000.0	1000.0	1000.0	1000.0	3.033182
1.0	0.0	8596.0	-1.0	-369.0	-218.0	0.0	0.0	0.0	1000.0	1000.0	1000.0	1000.0	3.065217
1.0	0.0	8660.0	-1.0	-369.0	-216.0	0.0	0.0	0.0	1000.0	1000.0	1000.0	1000.0	3.113082
1.0	0.0	8652.0	-1.0	-371.0	-225.0	0.0	0.0	0.0	1000.0	1000.0	1000.0	1000.0	3.145419
1.0	0.0	8632.0	0.0	-370.0	-222.0	0.0	0.0	0.0	1000.0	1000.0	1000.0	1000.0	3.177013
1.0	0.0	8596.0	0.0	-370.0	-225.0	0.0	0.0	0.0	1000.0	1000.0	1000.0	1000.0	3.224983
1.0	0.0	8556.0	0.0	-369.0	-219.0	0.0	0.0	0.0	1000.0	1000.0	1000.0	1000.0	3.256981
1.0	0.0	8592.0	-1.0	-371.0	-231.0	0.0	0.0	0.0	1000.0	1000.0	1000.0	1000.0	3.289038
1.0	0.0	8588.0	-1.0	-371.0	-223.0	0.0	0.0	0.0	1000.0	1000.0	1000.0	1000.0	3.337262
1.0	0.0	8532.0	-1.0	-372.0	-228.0	0.0	0.0	0.0	1000.0	1000.0	1000.0	1000.0	3.369245
1.0	0.0	8628.0	0.0	-373.0	-231.0	0.0	0.0	0.0	1000.0	1000.0	1000.0	1000.0	3.400912
1.0	0.0	8588.0	0.0	-372.0	-223.0	0.0	0.0	0.0	1000.0	1000.0	1000.0	1000.0	3.449309
1.0	0.0	8596.0	0.0	-371.0	-218.0	0.0	0.0	0.0	1000.0	1000.0	1000.0	1000.0	3.480813
1.0	0.0	8512.0	0.0	-371.0	-218.0	0.0	0.0	0.0	1000.0	1000.0	1000.0	1000.0	3.51282
1.0	0.0	8624.0	-1.0	-376.0	-224.0	0.0	0.0	0.0	1000.0	1000.0	1000.0	1000.0	3.5452120000000003
1.0	0.0	8636.0	-1.0	-374.0	-218.0	0.0	0.0	0.0	1000.0	1000.0	1000.0	1000.0	3.592867
1.0	0.0	8596.0	-1.0	-375.0	-224.0	0.0	0.0	0.0	1000.0	1000.0	1000.0	1000.0	3.624899
1.0	0.0	8540.0	-1.0	-376.0	-227.0	0.0	0.0	0.0	1000.0	1000.0	1000.0	1000.0	3.656828
1.0	0.0	8612.0	-1.0	-376.0	-227.0	0.0	0.0	0.0	1000.0	1000.0	1000.0	1000.0	3.68873
1.0	0.0	8620.0	0.0	-374.0	-220.0	0.0	0.0	0.0	1000.0	1000.0	1000.0	1000.0	3.720809
1.0	0.0	8612.0	-1.0	-374.0	-218.0	0.0	0.0	0.0	1000.0	1000.0	1000.0	1000.0	3.768733
1.0	0.0	8556.0	-1.0	-373.0	-209.0	0.0	0.0	0.0	1000.0	1000.0	1000.0	1000.0	3.800642
1.0	0.0	8600.0	-1.0	-371.0	-201.0	0.0	0.0	0.0	1000.0	1000.0	1000.0	1000.0	3.832657
1.0	0.0	8596.0	-1.0	-368.0	-190.0	0.0	0.0	0.0	1000.0	1000.0	1000.0	1000.0	3.864808
1.0	0.0	8628.0	-1.0	-368.0	-190.0	0.0	0.0	0.0	1000.0	1000.0	1000.0	1000.0	3.896835
1.0	0.0	8460.0	0.0	-370.0	-201.0	0.0	0.0	0.0	1000.0	1000.0	1000.0	1000.0	3.944679
1.0	0.0	8608.0	0.0	-371.0	-209.0	0.0	0.0	0.0	1000.0	1000.0	1000.0	1000.0	3.97653
1.0	0.0	8556.0	-1.0	-371.0	-209.0	0.0	0.0	0.0	1000.0	1000.0	1000.0	1000.0	4.008615
1.0	0.0	8656.0	-1.0	-371.0	-211.0	0.0	0.0	0.0	1000.0	1000.0	1000.0	1000.0	4.04057
1.0	0.0	8476.0	-1.0	-372.0	-213.0	0.0	0.0	0.0	1000.0	1000.0	1000.0	1000.0	4.072687
1.0	0.0	8616.0	-1.0	-370.0	-211.0	0.0	0.0	0.0	1000.0	1000.0	1000.0	1000.0	4.12049
1.0	0.0	8556.0	-1.0	-370.0	-212.0	0.0	0.0	0.0	1000.0	1000.0	1000.0	1000.0	4.152347
1.0	0.0	8656.0	0.0	-369.0	-208.0	0.0	0.0	0.0	1000.0	1000.0	1000.0	1000.0	4.18444
1.0	0.0	8480.0	0.0	-367.0	-199.0	0.0	0.0	0.0	1000.0	1000.0	1000.0	1000.0	4.216291
1.0	0.0	8596.0	0.0	-369.0	-210.0	0.0	0.0	0.0	1000.0	1000.0	1000.0	1000.0	4.248313
1.0	0.0	8548.0	-1.0	-366.0	-194.0	0.0	0.0	0.0	1000.0	1000.0	1000.0	1000.0	4.280182
1.0	0.0	8656.0	-1.0	-367.0	-198.0	0.0	0.0	0.0	1000.0	1000.0	1000.0	1000.0	4.328261
1.0	0.0	8492.0	-1.0	-369.0	-205.0	0.0	0.0	0.0	1000.0	1000.0	1000.0	1000.0	4.3602360000000004
1.0	0.0	8588.0	-1.0	-371.0	-214.0	0.0	0.0	0.0	1000.0	1000.0	1000.0	1000.0	4.392199
1.0	0.0	8644.0	0.0	-372.0	-224.0	0.0	0.0	0.0	1000.0	1000.0	1000.0	1000.0	4.424181
1.0	0.0	8620.0	0.0	-374.0	-234.0	0.0	0.0	0.0	1000.0	1000.0	1000.0	1000.0	4.45626
1.0	0.0	8588.0	0.0	-373.0	-231.0	0.0	0.0	0.0	1000.0	1000.0	1000.0	1000.0	4.504127
1.0	0.0	8564.0	-1.0	-373.0	-229.0	0.0	0.0	0.0	1000.0	1000.0	1000.0	1000.0	4.5359739999999995
1.0	0.0	8648.0	-1.0	-371.0	-216.0	0.0	0.0	0.0	1000.0	1000.0	1000.0	1000.0	4.568132
1.0	0.0	8644.0	-1.0	-367.0	-203.0	0.0	0.0	0.0	1000.0	1000.0	1000.0	1000.0	4.6000820000000004
1.0	0.0	8596.0	-1.0	-370.0	-218.0	0.0	0.0	0.0	1000.0	1000.0	1000.0	1000.0	4.632061
1.0	0.0	8576.0	0.0	-369.0	-218.0	0.0	0.0	0.0	1000.0	1000.0	1000.0	1000.0	4.680416
1.0	0.0	8636.0	0.0	-370.0	-223.0	0.0	0.0	0.0	1000.0	1000.0	1000.0	1000.0	4.712155
1.0	0.0	8616.0	0.0	-369.0	-217.0	0.0	0.0	0.0	1000.0	1000.0	1000.0	1000.0	4.743894
1.0	0.0	8580.0	-1.0	-372.0	-226.0	0.0	0.0	0.0	1000.0	1000.0	1000.0	1000.0	4.776143
1.0	0.0	8540.0	-1.0	-376.0	-233.0	0.0	0.0	0.0	1000.0	1000.0	1000.0	1000.0	4.80783
1.0	0.0	8640.0	-1.0	-373.0	-223.0	0.0	0.0	0.0	1000.0	1000.0	1000.0	1000.0	4.855847
1.0	0.0	8624.0	-1.0	-374.0	-228.0	0.0	0.0	0.0	1000.0	1000.0	1000.0	1000.0	4.887793
1.0	0.0	8600.0	0.0	-375.0	-232.0	0.0	0.0	0.0	1000.0	1000.0	1000.0	1000.0	4.919867
1.0	0.0	8508.0	0.0	-375.0	-231.0	0.0	0.0	0.0	1000.0	1000.0	1000.0	1000.0	4.951858
1.0	0.0	8624.0	0.0	-375.0	-226.0	0.0	0.0	0.0	1000.0	1000.0	1000.0	1000.0	4.983837
1.0	0.0	8624.0	-1.0	-375.0	-223.0	0.0	0.0	0.0	1000.0	1000.0	1000.0	1000.0	5.031767
1.0	0.0	8604.0	-1.0	-373.0	-223.0	0.0	0.0	0.0	1000.0	1000.0	1000.0	1000.0	5.063799
1.0	0.0	8536.0	-1.0	-373.0	-217.0	0.0	0.0	0.0	1000.0	1000.0	1000.0	1000.0	5.095603
1.0	0.0	8608.0	-1.0	-371.0	-204.0	0.0	0.0	0.0	1000.0	1000.0	1000.0	1000.0	5.127852
1.0	0.0	8664.0	0.0	-369.0	-197.0	0.0	0.0	0.0	1000.0	1000.0	1000.0	1000.0	5.15961
1.0	0.0	8596.0	0.0	-370.0	-197.0	0.0	0.0	0.0	1000.0	1000.0	1000.0	1000.0	5.20782
1.0	0.0	8520.0	-1.0	-372.0	-207.0	0.0	0.0	0.0	1000.0	1000.0	1000.0	1000.0	5.239581
1.0	0.0	8636.0	-1.0	-371.0	-203.0	0.0	0.0	0.0	1000.0	1000.0	1000.0	1000.0	5.271547
1.0	0.0	8644.0	-1.0	-370.0	-197.0	0.0	0.0	0.0	1000.0	1000.0	1000.0	1000.0	5.303638
1.0	0.0	8600.0	-1.0	-367.0	-195.0	0.0	0.0	0.0	1000.0	1000.0	1000.0	1000.0	5.335661
1.0	0.0	8500.0	0.0	-368.0	-194.0	0.0	0.0	0.0	1000.0	1000.0	1000.0	1000.0	5.367705
1.0	0.0	8628.0	0.0	-369.0	-194.0	0.0	0.0	0.0	1000.0	1000.0	1000.0	1000.0	5.415475
1.0	0.0	8696.0	0.0	-368.0	-188.0	0.0	0.0	0.0	1000.0	1000.0	1000.0	1000.0	5.447397
1.0	0.0	8588.0	-1.0	-366.0	-196.0	0.0	0.0	0.0	1000.0	1000.0	1000.0	1000.0	5.479651
1.0	0.0	8560.0	-1.0	-368.0	-206.0	0.0	0.0	0.0	1000.0	1000.0	1000.0	1000.0	5.511626
1.0	0.0	8612.0	-1.0	-364.0	-191.0	0.0	0.0	0.0	1000.0	1000.0	1000.0	1000.0	5.543536
1.0	0.0	8608.0	-1.0	-369.0	-203.0	0.0	0.0	0.0	1000.0	1000.0	1000.0	1000.0	5.5914719999999996
1.0	0.0	8608.0	-1.0	-373.0	-218.0	0.0	0.0	0.0	1000.0	1000.0	1000.0	1000.0	5.6234649999999995
1.0	0.0	8488.0	0.0	-374.0	-226.0	0.0	0.0	0.0	1000.0	1000.0	1000.0	1000.0	5.6551469999999995
1.0	0.0	8600.0	0.0	-374.0	-224.0	0.0	0.0	0.0	1000.0	1000.0	1000.0	1000.0	5.687297
1.0	0.0	8596.0	0.0	-372.0	-217.0	0.0	0.0	0.0	1000.0	1000.0	1000.0	1000.0	5.719273
1.0	0.0	8636.0	0.0	-371.0	-208.0	0.0	0.0	0.0	1000.0	1000.0	1000.0	1000.0	5.767315
1.0	0.0	8448.0	-1.0	-372.0	-211.0	0.0	0.0	0.0	1000.0	1000.0	1000.0	1000.0	5.799114
1.0	0.0	8584.0	-1.0	-375.0	-230.0	0.0	0.0	0.0	1000.0	1000.0	1000.0	1000.0	5.831032
1.0	0.0	8540.0	-1.0	-373.0	-223.0	0.0	0.0	0.0	1000.0	1000.0	1000.0	1000.0	5.863473
1.0	0.0	8628.0	-1.0	-375.0	-232.0	0.0	0.0	0.0	1000.0	1000.0	1000.0	1000.0	5.895128
1.0	0.0	8476.0	0.0	-369.0	-202.0	0.0	0.0	0.0	1000.0	1000.0	1000.0	1000.0	5.943046
1.0	0.0	8636.0	0.0	-365.0	-191.0	0.0	0.0	0.0	1000.0	1000.0	1000.0	1000.0	5.975188
1.0	0.0	8564.0	-1.0	-364.0	-190.0	0.0	0.0	0.0	1000.0	1000.0	1000.0	1000.0	6.007212
1.0	0.0	8632.0	-1.0	-369.0	-206.0	0.0	0.0	0.0	1000.0	1000.0	1000.0	1000.0	6.039137
1.0	0.0	8480.0	-1.0	-364.0	-186.0	0.0	0.0	0.0	1000.0	1000.0	1000.0	1000.0	6.071059
1.0	0.0	8592.0	-1.0	-369.0	-202.0	0.0	0.0	0.0	1000.0	1000.0	1000.0	1000.0	6.118932
1.0	0.0	8540.0	-1.0	-370.0	-207.0	0.0	0.0	0.0	1000.0	1000.0	1000.0	1000.0	6.150889
1.0	0.0	8656.0	0.0	-371.0	-207.0	0.0	0.0	0.0	1000.0	1000.0	1000.0	1000.0	6.182857
1.0	0.0	8492.0	0.0	-368.0	-200.0	0.0	0.0	0.0	1000.0	1000.0	1000.0	1000.0	6.215047
1.0	0.0	8600.0	-1.0	-368.0	-200.0	0.0	0.0	0.0	1000.0	1000.0	1000.0	1000.0	6.246854
1.0	0.0	8660.0	-1.0	-371.0	-215.0	0.0	0.0	0.0	1000.0	1000.0	1000.0	1000.0	6.294948
1.0	0.0	8644.0	-1.0	-372.0	-226.0	0.0	0.0	0.0	1000.0	1000.0	1000.0	1000.0	6.326918
1.0	0.0	8576.0	-1.0	-371.0	-218.0	0.0	0.0	0.0	1000.0	1000.0	1000.0	1000.0	6.358699
1.0	0.0	8568.0	0.0	-373.0	-219.0	0.0	0.0	0.0	1000.0	1000.0	1000.0	1000.0	6.390746
1.0	0.0	8676.0	0.0	-373.0	-223.0	0.0	0.0	0.0	1000.0	1000.0	1000.0	1000.0	6.422842
1.0	0.0	8636.0	0.0	-375.0	-231.0	0.0	0.0	0.0	1000.0	1000.0	1000.0	1000.0	6.454711
1.0	0.0	8580.0	-1.0	-375.0	-231.0	0.0	0.0	0.0	1000.0	1000.0	1000.0	1000.0	6.50298
1.0	0.0	8568.0	-1.0	-372.0	-222.0	0.0	0.0	0.0	1000.0	1000.0	1000.0	1000.0	6.534709
1.0	0.0	8664.0	-1.0	-372.0	-218.0	0.0	0.0	0.0	1000.0	1000.0	1000.0	1000.0	6.5666329999999995
1.0	0.0	8680.0	-1.0	-367.0	-197.0	0.0	0.0	0.0	1000.0	1000.0	1000.0	1000.0	6.598544
1.0	0.0	8600.0	-1.0	-368.0	-208.0	0.0	0.0	0.0	1000.0	1000.0	1000.0	1000.0	6.630541
1.0	0.0	8532.0	-1.0	-372.0	-220.0	0.0	0.0	0.0	1000.0	1000.0	1000.0	1000.0	6.678808
1.0	0.0	8664.0	0.0	-369.0	-206.0	0.0	0.0	0.0	1000.0	1000.0	1000.0	1000.0	6.710642
1.0	0.0	8628.0	0.0	-368.0	-206.0	0.0	0.0	0.0	1000.0	1000.0	1000.0	1000.0	6.7427399999999995
1.0	0.0	8608.0	-1.0	-368.0	-208.0	0.0	0.0	0.0	1000.0	1000.0	1000.0	1000.0	6.774753
1.0	0.0	8524.0	-1.0	-367.0	-199.0	0.0	0.0	0.0	1000.0	1000.0	1000.0	1000.0	6.806645
1.0	0.0	8628.0	-1.0	-367.0	-202.0	0.0	0.0	0.0	1000.0	1000.0	1000.0	1000.0	6.854563
1.0	0.0	8672.0	0.0	-367.0	-195.0	0.0	0.0	0.0	1000.0	1000.0	1000.0	1000.0	6.886561
1.0	0.0	8608.0	0.0	-368.0	-200.0	0.0	0.0	0.0	1000.0	1000.0	1000.0	1000.0	6.9184470000000005
1.0	0.0	8520.0	0.0	-370.0	-208.0	0.0	0.0	0.0	1000.0	1000.0	1000.0	1000.0	6.950668
1.0	0.0	8604.0	-1.0	-372.0	-212.0	0.0	0.0	0.0	1000.0	1000.0	1000.0	1000.0	6.98259
1.0	0.0	8592.0	-1.0	-371.0	-207.0	0.0	0.0	0.0	1000.0	1000.0	1000.0	1000.0	7.030362
1.0	0.0	8596.0	-1.0	-370.0	-207.0	0.0	0.0	0.0	1000.0	1000.0	1000.0	1000.0	7.062218
1.0	0.0	8524.0	-1.0	-372.0	-213.0	0.0	0.0	0.0	1000.0	1000.0	1000.0	1000.0	7.094599
1.0	0.0	8612.0	0.0	-369.0	-201.0	0.0	0.0	0.0	1000.0	1000.0	1000.0	1000.0	7.126383
1.0	0.0	8668.0	0.0	-370.0	-205.0	0.0	0.0	0.0	1000.0	1000.0	1000.0	1000.0	7.158562
1.0	0.0	8624.0	0.0	-369.0	-199.0	0.0	0.0	0.0	1000.0	1000.0	1000.0	1000.0	7.206162
1.0	0.0	8488.0	-1.0	-371.0	-207.0	0.0	0.0	0.0	1000.0	1000.0	1000.0	1000.0	7.238422
1.0	0.0	8600.0	-1.0	-370.0	-202.0	0.0	0.0	0.0	1000.0	1000.0	1000.0	1000.0	7.270191
1.0	0.0	8660.0	-1.0	-374.0	-214.0	0.0	0.0	0.0	1000.0	1000.0	1000.0	1000.0	7.302297
1.0	0.0	8604.0	-1.0	-375.0	-219.0	0.0	0.0	0.0	1000.0	1000.0	1000.0	1000.0	7.33425
1.0	0.0	8544.0	0.0	-375.0	-218.0	0.0	0.0	0.0	1000.0	1000.0	1000.0	1000.0	7.381992
3.0	0.0	9884.0	-1.0	-378.0	-238.0	0.0	285.0	181.0	1404.0	1378.0	1395.0	1421.0	10.068636
3.0	0.0	9868.0	-1.0	-374.0	-227.0	0.0	363.0	227.0	1401.0	1392.0	1397.0	1407.0	10.100069
3.0	0.0	9916.0	0.0	-366.0	-179.0	0.0	367.0	197.0	1401.0	1399.0	1397.0	1400.0	10.148097
3.0	0.0	9908.0	-4.0	-362.0	-139.0	0.0	362.0	156.0	1402.0	1401.0	1397.0	1398.0	10.180096
3.0	0.0	9856.0	-4.0	-354.0	-117.0	-1.0	354.0	126.0	1401.0	1401.0	1398.0	1398.0	10.228129
3.0	0.0	9848.0	1.0	-352.0	-116.0	0.0	350.0	119.0	1400.0	1400.0	1399.0	1400.0	10.260162
3.0	0.0	9872.0	5.0	-357.0	-122.0	0.0	356.0	122.0	1400.0	1399.0	1399.0	1400.0	10.308163
3.0	0.0	9892.0	3.0	-355.0	-125.0	0.0	357.0	126.0	1400.0	1399.0	1399.0	1400.0	10.339956
3.0	0.0	9892.0	0.0	-365.0	-130.0	0.0	364.0	129.0	1400.0	1398.0	1399.0	1401.0	10.388053
3.0	0.0	9880.0	-4.0	-345.0	-65.0	0.0	354.0	98.0	1401.0	1401.0	1398.0	1397.0	10.419891
3.0	0.0	9912.0	-11.0	-273.0	81.0	0.0	298.0	-22.0	1403.0	1408.0	1396.0	1391.0	10.467856
3.0	0.0	9880.0	-6.0	-258.0	206.0	0.0	266.0	-157.0	1405.0	1407.0	1394.0	1392.0	10.500191
3.0	0.0	9860.0	3.0	-281.0	267.0	0.0	268.0	-241.0	1404.0	1403.0	1394.0	1396.0	10.547872
3.0	0.0	9828.0	8.0	-220.0	269.0	0.0	246.0	-269.0	1400.0	1402.0	1399.0	1397.0	10.579759
3.0	0.0	9876.0	4.0	-192.0	268.0	-2.0	210.0	-270.0	1398.0	1402.0	1401.0	1397.0	10.628002
3.0	0.0	9916.0	-5.0	-189.0	257.0	0.0	198.0	-260.0	1399.0	1400.0	1401.0	1399.0	10.659756
3.0	0.0	9864.0	-12.0	-187.0	260.0	-2.0	192.0	-259.0	1400.0	1400.0	1400.0	1399.0	10.70771
3.0	0.0	9828.0	-15.0	-202.0	274.0	0.0	192.0	-264.0	1401.0	1400.0	1399.0	1400.0	10.73952
3.0	0.0	9840.0	-14.0	-250.0	285.0	0.0	218.0	-272.0	1403.0	1399.0	1397.0	1401.0	10.787976
3.0	0.0	9840.0	-7.0	-224.0	291.0	-2.0	217.0	-281.0	1402.0	1400.0	1398.0	1400.0	10.819664
3.0	0.0	9836.0	-5.0	-245.0	301.0	-2.0	232.0	-294.0	1403.0	1400.0	1398.0	1401.0	10.867566
3.0	0.0	9844.0	-2.0	-245.0	316.0	-1.0	236.0	-306.0	1402.0	1400.0	1398.0	1400.0	10.899561
3.0	0.0	9728.0	-4.0	-242.0	315.0	-2.0	249.0	-314.0	1402.0	1400.0	1399.0	1400.0	10.947752
3.0	0.0	9824.0	-1.0	-270.0	317.0	0.0	263.0	-313.0	1402.0	1400.0	1399.0	1401.0	10.979585
3.0	0.0	9748.0	-1.0	-257.0	324.0	-2.0	275.0	-322.0	1401.0	1401.0	1399.0	1400.0	11.043398
3.0	0.0	9788.0	-2.0	-204.0	327.0	0.0	208.0	-319.0	1399.0	1403.0	1402.0	1398.0	11.091523
3.0	0.0	9744.0	-2.0	-211.0	330.0	0.0	224.0	-332.0	1401.0	1401.0	1399.0	1400.0	11.139444
3.0	0.0	9796.0	0.0	-207.0	327.0	1.0	220.0	-330.0	1400.0	1400.0	1400.0	1399.0	11.1713
3.0	0.0	9780.0	-1.0	-211.0	352.0	0.0	225.0	-351.0	1400.0	1401.0	1399.0	1398.0	11.21919
3.0	0.0	9784.0	0.0	-233.0	342.0	1.0	245.0	-347.0	1400.0	1399.0	1399.0	1400.0	11.251393
3.0	0.0	9808.0	-1.0	-230.0	329.0	0.0	230.0	-332.0	1398.0	1400.0	1400.0	1399.0	11.299293
3.0	0.0	9696.0	0.0	-241.0	332.0	0.0	235.0	-331.0	1400.0	1399.0	1399.0	1400.0	11.363346
3.0	0.0	9772.0	0.0	-273.0	339.0	0.0	272.0	-339.0	1401.0	1399.0	1398.0	1400.0	11.395152
3.0	0.0	9744.0	0.0	-287.0	351.0	1.0	289.0	-347.0	1401.0	1399.0	1397.0	1400.0	11.443115
3.0	0.0	9768.0	0.0	-209.0	338.0	1.0	246.0	-340.0	1398.0	1401.0	1401.0	1397.0	11.475394
3.0	0.0	9824.0	0.0	-230.0	342.0	1.0	240.0	-340.0	1399.0	1400.0	1399.0	1398.0	11.523038
3.0	0.0	9768.0	0.0	-247.0	350.0	0.0	245.0	-348.0	1400.0	1399.0	1398.0	1399.0	11.555039
3.0	0.0	9872.0	1.0	-259.0	342.0	1.0	262.0	-347.0	1400.0	1399.0	1398.0	1400.0	11.603022
3.0	0.0	9832.0	0.0	-298.0	362.0	1.0	287.0	-356.0	1401.0	1399.0	1397.0	1400.0	11.635202
3.0	0.0	9836.0	1.0	-207.0	344.0	1.0	249.0	-348.0	1397.0	1401.0	1401.0	1397.0	11.683072
3.0	0.0	9844.0	0.0	-163.0	349.0	1.0	204.0	-351.0	1397.0	1402.0	1401.0	1396.0	11.714868
3.0	0.0	9804.0	0.0	-137.0	333.0	1.0	160.0	-338.0	1397.0	1401.0	1401.0	1397.0	11.763181
3.0	0.0	9812.0	0.0	-144.0	355.0	0.0	154.0	-347.0	1400.0	1400.0	1398.0	1398.0	11.794856
3.0	0.0	9840.0	3.0	-184.0	353.0	0.0	178.0	-354.0	1400.0	1399.0	1398.0	1399.0	11.842837
3.0	0.0	9864.0	4.0	-117.0	341.0	0.0	147.0	-343.0	1398.0	1401.0	1400.0	1398.0	11.890806
3.0	0.0	9756.0	2.0	-129.0	347.0	1.0	148.0	-353.0	1399.0	1400.0	1399.0	1398.0	11.923174
3.0	0.0	9864.0	0.0	-147.0	343.0	1.0	163.0	-347.0	1399.0	1399.0	1399.0	1399.0	11.97071
3.0	0.0	9792.0	-3.0	-207.0	365.0	1.0	197.0	-358.0	1401.0	1398.0	1396.0	1400.0	12.002651
3.0	0.0	9840.0	-3.0	-202.0	362.0	1.0	203.0	-361.0	1400.0	1399.0	1398.0	1399.0	12.050636
3.0	0.0	9764.0	3.0	-206.0	354.0	2.0	209.0	-354.0	1399.0	1398.0	1398.0	1399.0	12.099014
3.0	0.0	9804.0	4.0	-147.0	338.0	0.0	191.0	-347.0	1397.0	1400.0	1401.0	1397.0	12.130661
3.0	0.0	9840.0	4.0	-196.0	337.0	1.0	198.0	-342.0	1399.0	1399.0	1399.0	1399.0	12.163003
3.0	0.0	9764.0	0.0	-212.0	342.0	0.0	214.0	-340.0	1400.0	1399.0	1398.0	1399.0	12.210528
3.0	0.0	9808.0	-1.0	-238.0	341.0	0.0	233.0	-340.0	1400.0	1398.0	1398.0	1400.0	12.242623
3.0	0.0	9840.0	-2.0	-241.0	351.0	1.0	239.0	-343.0	1400.0	1399.0	1398.0	1399.0	12.290946
3.0	0.0	9788.0	0.0	-245.0	360.0	-1.0	241.0	-350.0	1400.0	1400.0	1398.0	1399.0	12.322627
3.0	0.0	9784.0	-1.0	-257.0	352.0	1.0	241.0	-347.0	1400.0	1399.0	1398.0	1399.0	12.386717
3.0	0.0	9788.0	0.0	-214.0	334.0	3.0	226.0	-335.0	1398.0	1400.0	1400.0	1398.0	12.434491
3.0	0.0	9824.0	-3.0	-215.0	339.0	1.0	209.0	-333.0	1399.0	1400.0	1399.0	1398.0	12.466373
3.0	0.0	9820.0	-6.0	-236.0	337.0	0.0	220.0	-335.0	1400.0	1398.0	1398.0	1399.0	12.514401
3.0	0.0	9836.0	-3.0	-234.0	339.0	1.0	223.0	-335.0	1400.0	1399.0	1398.0	1399.0	12.546634
3.0	0.0	9772.0	-1.0	-217.0	352.0	1.0	206.0	-342.0	1400.0	1400.0	1398.0	1398.0	12.594269
3.0	0.0	9788.0	3.0	-210.0	337.0	1.0	207.0	-338.0	1400.0	1398.0	1398.0	1399.0	12.626239
3.0	0.0	9808.0	0.0	-196.0	321.0	1.0	195.0	-325.0	1399.0	1398.0	1398.0	1399.0	12.674335
3.0	0.0	9804.0	-1.0	-191.0	312.0	1.0	203.0	-318.0	1399.0	1398.0	1399.0	1399.0	12.722498
3.0	0.0	9820.0	-4.0	-233.0	319.0	2.0	215.0	-314.0	1400.0	1398.0	1397.0	1399.0	12.786273
3.0	0.0	9900.0	-1.0	-248.0	321.0	0.0	236.0	-313.0	1400.0	1398.0	1397.0	1399.0	12.818194
3.0	0.0	9856.0	0.0	-265.0	317.0	1.0	250.0	-315.0	1400.0	1398.0	1397.0	1399.0	12.882338
3.0	0.0	9916.0	3.0	-245.0	309.0	1.0	254.0	-313.0	1399.0	1399.0	1399.0	1399.0	12.930162
3.0	0.0	9760.0	-1.0	-308.0	336.0	1.0	303.0	-332.0	1401.0	1398.0	1396.0	1400.0	12.978346
3.0	0.0	9868.0	-5.0	-271.0	333.0	3.0	273.0	-330.0	1398.0	1400.0	1399.0	1398.0	13.026065
3.0	0.0	9780.0	-1.0	-274.0	344.0	3.0	278.0	-341.0	1399.0	1399.0	1398.0	1398.0	13.090083
3.0	0.0	9780.0	-1.0	-274.0	344.0	3.0	278.0	-341.0	1399.0	1399.0	1398.0	1398.0	13.153998
3.0	0.0	9832.0	-1.0	-249.0	344.0	1.0	243.0	-339.0	1399.0	1399.0	1398.0	1398.0	13.201898
3.0	0.0	9832.0	-1.0	-249.0	344.0	1.0	243.0	-339.0	1399.0	1399.0	1398.0	1398.0	13.266103
3.0	0.0	9756.0	-4.0	-268.0	347.0	1.0	269.0	-343.0	1400.0	1399.0	1397.0	1399.0	13.31399
3.0	0.0	9756.0	-4.0	-268.0	347.0	1.0	269.0	-343.0	1400.0	1399.0	1397.0	1399.0	13.377786
3.0	0.0	9792.0	-1.0	-276.0	357.0	1.0	269.0	-352.0	1400.0	1399.0	1398.0	1399.0	13.409794
3.0	0.0	9800.0	-1.0	-226.0	340.0	0.0	241.0	-343.0	1398.0	1400.0	1400.0	1398.0	13.457807
3.0	0.0	9820.0	-2.0	-209.0	340.0	-1.0	210.0	-337.0	1399.0	1400.0	1400.0	1398.0	13.489838
3.0	0.0	9844.0	0.0	-183.0	316.0	1.0	192.0	-323.0	1398.0	1400.0	1400.0	1399.0	13.553658
3.0	0.0	9844.0	0.0	-183.0	316.0	1.0	192.0	-323.0	1398.0	1400.0	1400.0	1399.0	13.601673
3.0	0.0	9844.0	0.0	-183.0	316.0	1.0	192.0	-323.0	1398.0	1400.0	1400.0	1399.0	13.665723
3.0	0.0	9908.0	-1.0	-168.0	280.0	1.0	175.0	-281.0	1398.0	1400.0	1400.0	1398.0	13.7296
3.0	0.0	9908.0	-1.0	-168.0	280.0	1.0	175.0	-281.0	1398.0	1400.0	1400.0	1398.0	13.809564
3.0	0.0	9892.0	0.0	-146.0	282.0	1.0	155.0	-282.0	1399.0	1400.0	1399.0	1398.0	13.825813
3.0	0.0	9840.0	2.0	-177.0	287.0	1.0	186.0	-292.0	1400.0	1399.0	1398.0	1399.0	13.873843
3.0	0.0	9820.0	0.0	-222.0	325.0	0.0	227.0	-316.0	1401.0	1399.0	1397.0	1399.0	13.921519
3.0	0.0	9832.0	1.0	-222.0	318.0	1.0	229.0	-318.0	1400.0	1399.0	1398.0	1399.0	13.953327
3.0	0.0	9868.0	2.0	-229.0	322.0	1.0	236.0	-323.0	1399.0	1399.0	1398.0	1398.0	14.001741
3.0	0.0	9820.0	-1.0	-271.0	341.0	1.0	264.0	-335.0	1401.0	1398.0	1396.0	1399.0	14.049367
3.0	0.0	9832.0	-2.0	-267.0	325.0	1.0	267.0	-329.0	1399.0	1398.0	1398.0	1399.0	14.081367
3.0	0.0	9864.0	-2.0	-283.0	335.0	1.0	274.0	-331.0	1400.0	1398.0	1398.0	1399.0	14.129374
3.0	0.0	9704.0	0.0	-275.0	329.0	3.0	268.0	-329.0	1399.0	1398.0	1398.0	1399.0	14.177226
3.0	0.0	9744.0	0.0	-220.0	313.0	2.0	232.0	-314.0	1397.0	1399.0	1400.0	1398.0	14.209395
3.0	0.0	9744.0	0.0	-220.0	313.0	2.0	232.0	-314.0	1397.0	1399.0	1400.0	1398.0	14.273336
3.0	0.0	9784.0	-3.0	-166.0	296.0	1.0	174.0	-298.0	1398.0	1399.0	1399.0	1398.0	14.305189
3.0	0.0	9808.0	-4.0	-207.0	305.0	1.0	192.0	-300.0	1401.0	1398.0	1397.0	1399.0	14.369379
3.0	0.0	9768.0	-2.0	-203.0	308.0	1.0	184.0	-303.0	1400.0	1398.0	1397.0	1399.0	14.401151
3.0	0.0	9804.0	0.0	-213.0	302.0	0.0	207.0	-299.0	1400.0	1398.0	1397.0	1400.0	14.449031
3.0	0.0	9764.0	0.0	-219.0	298.0	1.0	210.0	-298.0	1400.0	1398.0	1397.0	1399.0	14.481012
3.0	0.0	9808.0	2.0	-202.0	289.0	1.0	208.0	-292.0	1399.0	1398.0	1398.0	1399.0	14.529247
3.0	0.0	9768.0	-1.0	-219.0	321.0	1.0	230.0	-315.0	1400.0	1399.0	1397.0	1398.0	14.56125
3.0	0.0	9820.0	-2.0	-221.0	311.0	1.0	225.0	-311.0	1399.0	1399.0	1399.0	1398.0	14.608974
3.0	0.0	9832.0	-4.0	-246.0	310.0	3.0	234.0	-309.0	1399.0	1398.0	1398.0	1399.0	14.656915
3.0	0.0	9824.0	-1.0	-239.0	308.0	1.0	230.0	-307.0	1399.0	1398.0	1398.0	1399.0	14.688882
3.0	0.0	9768.0	0.0	-197.0	294.0	0.0	197.0	-291.0	1398.0	1399.0	1399.0	1398.0	14.720853
3.0	0.0	9752.0	0.0	-195.0	289.0	1.0	194.0	-287.0	1399.0	1399.0	1398.0	1399.0	14.76893
3.0	0.0	9804.0	-2.0	-195.0	285.0	0.0	188.0	-284.0	1399.0	1399.0	1398.0	1399.0	14.800867
3.0	0.0	9744.0	-2.0	-146.0	281.0	2.0	165.0	-281.0	1398.0	1400.0	1399.0	1398.0	14.848858
3.0	13.0	9808.0	0.0	-165.0	287.0	2.0	171.0	-285.0	1399.0	1399.0	1398.0	1398.0	14.880928
3.0	14.0	9804.0	0.0	-189.0	282.0	2.0	181.0	-281.0	1399.0	1398.0	1398.0	1399.0	14.928687
3.0	37.0	9824.0	1.0	-186.0	299.0	0.0	180.0	-289.0	1401.0	1401.0	1399.0	1399.0	14.960632
3.0	58.0	9768.0	0.0	-190.0	300.0	1.0	175.0	-291.0	1402.0	1402.0	1401.0	1401.0	15.008735
3.0	80.0	9796.0	-1.0	-167.0	308.0	1.0	162.0	-301.0	1406.0	1406.0	1404.0	1404.0	15.056853
3.0	87.0	9780.0	-5.0	-177.0	315.0	3.0	167.0	-308.0	1412.0	1410.0	1409.0	1410.0	15.088657
3.0	91.0	9764.0	-4.0	-163.0	316.0	1.0	172.0	-314.0	1418.0	1417.0	1416.0	1417.0	15.136651
3.0	92.0	9784.0	-1.0	-132.0	316.0	1.0	146.0	-314.0	1423.0	1425.0	1424.0	1422.0	15.16853
3.0	97.0	9776.0	3.0	-121.0	317.0	1.0	134.0	-318.0	1429.0	1430.0	1429.0	1428.0	15.200486
3.0	152.0	9768.0	5.0	-103.0	312.0	1.0	129.0	-316.0	1433.0	1434.0	1434.0	1432.0	15.248515
3.0	175.0	9772.0	0.0	-99.0	330.0	2.0	124.0	-329.0	1437.0	1439.0	1437.0	1435.0	15.31303
3.0	211.0	9768.0	-8.0	-160.0	358.0	-1.0	133.0	-344.0	1452.0	1449.0	1447.0	1450.0	15.344682
3.0	216.0	9636.0	-1.0	-159.0	354.0	0.0	155.0	-354.0	1459.0	1457.0	1456.0	1458.0	15.408706
3.0	222.0	9856.0	0.0	-159.0	388.0	1.0	159.0	-376.0	1473.0	1472.0	1470.0	1470.0	15.440392
3.0	224.0	9832.0	0.0	-158.0	432.0	0.0	185.0	-419.0	1484.0	1483.0	1479.0	1479.0	15.488491
3.0	265.0	9820.0	-3.0	-211.0	504.0	1.0	200.0	-476.0	1494.0	1491.0	1484.0	1487.0	15.520261
3.0	318.0	9840.0	-7.0	-168.0	547.0	0.0	154.0	-519.0	1499.0	1499.0	1493.0	1492.0	15.568292
3.0	337.0	9812.0	-7.0	-132.0	574.0	1.0	124.0	-559.0	1507.0	1508.0	1502.0	1502.0	15.600503
3.0	338.0	9832.0	-6.0	-64.0	611.0	2.0	111.0	-597.0	1519.0	1521.0	1516.0	1514.0	15.664449
3.0	340.0	9908.0	-4.0	-115.0	674.0	2.0	100.0	-649.0	1539.0	1538.0	1532.0	1533.0	15.71228
3.0	346.0	9788.0	-11.0	-17.0	748.0	9.0	38.0	-722.0	1547.0	1551.0	1543.0	1539.0	15.744226
3.0	391.0	9792.0	-16.0	8.0	841.0	5.0	-11.0	-799.0	1554.0	1558.0	1548.0	1545.0	15.792377
3.0	392.0	9784.0	-27.0	-80.0	1007.0	13.0	49.0	-943.0	1567.0	1562.0	1546.0	1551.0	15.824101
3.0	392.0	9796.0	-31.0	-10.0	1178.0	19.0	40.0	-1107.0	1573.0	1575.0	1555.0	1554.0	15.872143
3.0	392.0	9724.0	-37.0	247.0	1373.0	21.0	-131.0	-1294.0	1573.0	1591.0	1569.0	1552.0	15.904234
3.0	392.0	9704.0	-37.0	344.0	1623.0	27.0	-293.0	-1521.0	1581.0	1597.0	1570.0	1554.0	15.952438
3.0	392.0	9656.0	-46.0	365.0	1944.0	36.0	-338.0	-1820.0	1591.0	1598.0	1565.0	1557.0	15.984059
3.0	393.0	9760.0	-42.0	284.0	2328.0	54.0	-306.0	-2184.0	1599.0	1597.0	1556.0	1558.0	16.031988
3.0	393.0	9676.0	-46.0	193.0	2692.0	105.0	-234.0	-2541.0	1598.0	1591.0	1549.0	1555.0	16.064169
3.0	394.0	9712.0	-42.0	192.0	3023.0	93.0	-202.0	-2885.0	1591.0	1588.0	1546.0	1549.0	16.111979
3.0	393.0	9696.0	-38.0	206.0	3320.0	128.0	-180.0	-3207.0	1581.0	1581.0	1541.0	1541.0	16.143987
3.0	393.0	9724.0	-38.0	291.0	3543.0	177.0	-248.0	-3455.0	1565.0	1572.0	1539.0	1532.0	16.191889
3.0	393.0	9728.0	-32.0	412.0	3738.0	178.0	-362.0	-3660.0	1552.0	1564.0	1534.0	1522.0	16.223863
3.0	393.0	9736.0	-30.0	544.0	3863.0	212.0	-491.0	-3810.0	1538.0	1552.0	1527.0	1513.0	16.271825
3.0	394.0	9712.0	-29.0	693.0	3941.0	246.0	-625.0	-3909.0	1521.0	1536.0	1517.0	1501.0	16.304028
3.0	393.0	9736.0	-24.0	790.0	3974.0	261.0	-757.0	-3951.0	1505.0	1519.0	1504.0	1491.0	16.352005
3.0	394.0	9736.0	-27.0	841.0	3926.0	279.0	-806.0	-3944.0	1494.0	1503.0	1494.0	1486.0	16.383802
3.0	393.0	9740.0	-26.0	755.0	3884.0	286.0	-787.0	-3894.0	1487.0	1486.0	1481.0	1482.0	16.431623
3.0	393.0	9808.0	-13.0	791.0	3705.0	287.0	-773.0	-3775.0	1473.0	1476.0	1479.0	1477.0	16.463926
3.0	393.0	9756.0	-18.0	829.0	3484.0	284.0	-837.0	-3562.0	1463.0	1468.0	1480.0	1474.0	16.511779
3.0	393.0	9728.0	-13.0	830.0	3237.0	286.0	-830.0	-3335.0	1459.0	1461.0	1476.0	1474.0	16.543608
3.0	394.0	9760.0	-15.0	877.0	2973.0	285.0	-865.0	-3075.0	1453.0	1458.0	1476.0	1471.0	16.575661
3.0	393.0	9880.0	-14.0	893.0	2703.0	286.0	-886.0	-2812.0	1450.0	1455.0	1476.0	1471.0	16.640077
3.0	393.0	9816.0	-19.0	959.0	2292.0	289.0	-925.0	-2408.0	1445.0	1454.0	1477.0	1468.0	16.687441
3.0	393.0	9736.0	-23.0	975.0	2019.0	289.0	-947.0	-2137.0	1446.0	1452.0	1474.0	1469.0	16.73551
3.0	393.0	9876.0	-29.0	1023.0	1585.0	266.0	-1014.0	-1698.0	1446.0	1454.0	1480.0	1472.0	16.783423
3.0	393.0	9776.0	-31.0	932.0	1331.0	247.0	-935.0	-1439.0	1456.0	1454.0	1477.0	1479.0	16.831573
3.0	393.0	9708.0	-35.0	816.0	1063.0	224.0	-846.0	-1164.0	1463.0	1458.0	1480.0	1486.0	16.863542
3.0	393.0	9720.0	-32.0	661.0	849.0	209.0	-709.0	-944.0	1473.0	1462.0	1482.0	1494.0	16.911639
3.0	393.0	9756.0	-33.0	548.0	614.0	191.0	-588.0	-708.0	1479.0	1469.0	1490.0	1501.0	16.959713
3.0	393.0	9724.0	-33.0	431.0	392.0	169.0	-486.0	-455.0	1487.0	1478.0	1499.0	1508.0	16.991402
3.0	393.0	9780.0	-29.0	316.0	180.0	156.0	-376.0	-249.0	1496.0	1486.0	1506.0	1516.0	17.039324
3.0	393.0	9860.0	-26.0	117.0	42.0	130.0	-189.0	-88.0	1511.0	1496.0	1510.0	1526.0	17.071358
3.0	393.0	9836.0	-22.0	-39.0	-127.0	103.0	-10.0	56.0	1521.0	1505.0	1520.0	1537.0	17.135288
3.0	394.0	9780.0	-20.0	-268.0	-340.0	66.0	247.0	266.0	1537.0	1522.0	1537.0	1553.0	17.183235
3.0	393.0	9780.0	-20.0	-268.0	-340.0	66.0	247.0	266.0	1537.0	1522.0	1537.0	1553.0	17.247072
3.0	393.0	9780.0	-20.0	-268.0	-340.0	66.0	247.0	266.0	1537.0	1522.0	1537.0	1553.0	17.3112
3.0	393.0	9780.0	-20.0	-268.0	-340.0	66.0	247.0	266.0	1537.0	1522.0	1537.0	1553.0	17.35894
3.0	393.0	9780.0	-20.0	-268.0	-340.0	66.0	247.0	266.0	1537.0	1522.0	1537.0	1553.0	17.423275
3.0	393.0	9780.0	-20.0	-268.0	-340.0	66.0	247.0	266.0	1537.0	1522.0	1537.0	1553.0	17.486969
3.0	393.0	9780.0	-20.0	-268.0	-340.0	66.0	247.0	266.0	1537.0	1522.0	1537.0	1553.0	17.534817
3.0	393.0	9792.0	-6.0	682.0	2143.0	232.0	-718.0	-2224.0	1528.0	1526.0	1538.0	1540.0	17.583139
3.0	394.0	9748.0	-3.0	627.0	1731.0	269.0	-635.0	-1902.0	1506.0	1501.0	1530.0	1535.0	17.614772
3.0	411.0	9764.0	-3.0	422.0	1290.0	311.0	-496.0	-1464.0	1489.0	1476.0	1515.0	1528.0	17.679463
3.0	417.0	9804.0	-8.0	36.0	642.0	380.0	-159.0	-806.0	1467.0	1442.0	1484.0	1509.0	17.72682
3.0	418.0	9808.0	-8.0	-260.0	149.0	387.0	148.0	-309.0	1448.0	1421.0	1463.0	1490.0	17.758795
3.0	418.0	9856.0	-10.0	-568.0	-261.0	389.0	444.0	101.0	1440.0	1409.0	1451.0	1482.0	17.806869
3.0	418.0	9888.0	-14.0	-828.0	-622.0	337.0	739.0	469.0	1438.0	1407.0	1446.0	1476.0	17.838652
3.0	417.0	9888.0	-14.0	-828.0	-622.0	337.0	739.0	469.0	1438.0	1407.0	1446.0	1476.0	17.902608999999998
3.0	417.0	9888.0	-20.0	-1357.0	-1221.0	428.0	1255.0	1165.0	1417.0	1396.0	1419.0	1440.0	17.950582
3.0	418.0	10060.0	-21.0	-1672.0	-1321.0	374.0	1545.0	1302.0	1430.0	1398.0	1413.0	1445.0	17.998919
3.0	417.0	10076.0	-23.0	-2021.0	-1241.0	463.0	1907.0	1273.0	1434.0	1401.0	1401.0	1434.0	18.030543
3.0	417.0	10076.0	-23.0	-2021.0	-1241.0	463.0	1907.0	1273.0	1434.0	1401.0	1401.0	1434.0	18.094976
3.0	417.0	10088.0	-25.0	-1801.0	-1333.0	413.0	1827.0	1368.0	1404.0	1410.0	1416.0	1410.0	18.142408
3.0	417.0	10088.0	-25.0	-1801.0	-1333.0	413.0	1827.0	1368.0	1404.0	1410.0	1416.0	1410.0	18.222357
3.0	417.0	10088.0	-33.0	-1990.0	-1222.0	466.0	1914.0	1233.0	1412.0	1393.0	1390.0	1409.0	18.254384
3.0	417.0	10052.0	-40.0	-1866.0	-1061.0	362.0	1829.0	1214.0	1420.0	1414.0	1401.0	1407.0	18.318702
3.0	417.0	10052.0	-40.0	-1866.0	-1061.0	362.0	1829.0	1214.0	1420.0	1414.0	1401.0	1407.0	18.398666
3.0	417.0	10052.0	-40.0	-1866.0	-1061.0	362.0	1829.0	1214.0	1420.0	1414.0	1401.0	1407.0	18.478606
3.0	417.0	10052.0	-40.0	-1866.0	-1061.0	362.0	1829.0	1214.0	1420.0	1414.0	1401.0	1407.0	18.558562
3.0	417.0	10052.0	-40.0	-1866.0	-1061.0	362.0	1829.0	1214.0	1420.0	1414.0	1401.0	1407.0	18.638436
3.0	417.0	10052.0	-40.0	-1866.0	-1061.0	362.0	1829.0	1214.0	1420.0	1414.0	1401.0	1407.0	18.718459
3.0	417.0	10052.0	-40.0	-1866.0	-1061.0	362.0	1829.0	1214.0	1420.0	1414.0	1401.0	1407.0	18.765949
4.0	416.0	8520.0	46.0	1005.0	4784.0	171.0	-684.0	-3564.0	1000.0	1000.0	1000.0	1000.0	18.814119
4.0	416.0	8520.0	46.0	1005.0	4784.0	171.0	-684.0	-3564.0	1000.0	1000.0	1000.0	1000.0	18.878134
4.0	416.0	8520.0	46.0	1005.0	4784.0	171.0	-684.0	-3564.0	1000.0	1000.0	1000.0	1000.0	18.958221
4.0	417.0	8520.0	46.0	1005.0	4784.0	171.0	-684.0	-3564.0	1000.0	1000.0	1000.0	1000.0	19.03819
4.0	417.0	8520.0	46.0	1005.0	4784.0	171.0	-684.0	-3564.0	1000.0	1000.0	1000.0	1000.0	19.10191
4.0	416.0	8520.0	46.0	1005.0	4784.0	171.0	-684.0	-3564.0	1000.0	1000.0	1000.0	1000.0	19.166181
4.0	417.0	8520.0	46.0	1005.0	4784.0	171.0	-684.0	-3564.0	1000.0	1000.0	1000.0	1000.0	19.213724
4.0	417.0	8520.0	46.0	1005.0	4784.0	171.0	-684.0	-3564.0	1000.0	1000.0	1000.0	1000.0	19.278026
4.0	417.0	8520.0	46.0	1005.0	4784.0	171.0	-684.0	-3564.0	1000.0	1000.0	1000.0	1000.0	19.357965
4.0	417.0	8520.0	46.0	1005.0	4784.0	171.0	-684.0	-3564.0	1000.0	1000.0	1000.0	1000.0	19.437945
4.0	417.0	8520.0	46.0	1005.0	4784.0	171.0	-684.0	-3564.0	1000.0	1000.0	1000.0	1000.0	19.517827
4.0	417.0	8520.0	46.0	1005.0	4784.0	171.0	-684.0	-3564.0	1000.0	1000.0	1000.0	1000.0	19.597824
4.0	417.0	8520.0	46.0	1005.0	4784.0	171.0	-684.0	-3564.0	1000.0	1000.0	1000.0	1000.0	19.693717
4.0	417.0	8520.0	46.0	1005.0	4784.0	171.0	-684.0	-3564.0	1000.0	1000.0	1000.0	1000.0	19.757605
4.0	417.0	8520.0	46.0	1005.0	4784.0	171.0	-684.0	-3564.0	1000.0	1000.0	1000.0	1000.0	19.837677
4.0	417.0	8520.0	46.0	1005.0	4784.0	171.0	-684.0	-3564.0	1000.0	1000.0	1000.0	1000.0	19.917524
4.0	417.0	8520.0	46.0	1005.0	4784.0	171.0	-684.0	-3564.0	1000.0	1000.0	1000.0	1000.0	19.997551
4.0	417.0	8520.0	46.0	1005.0	4784.0	171.0	-684.0	-3564.0	1000.0	1000.0	1000.0	1000.0	20.077412
4.0	417.0	8520.0	46.0	1005.0	4784.0	171.0	-684.0	-3564.0	1000.0	1000.0	1000.0	1000.0	20.157361
4.0	417.0	8520.0	46.0	1005.0	4784.0	171.0	-684.0	-3564.0	1000.0	1000.0	1000.0	1000.0	20.237395
4.0	417.0	8520.0	46.0	1005.0	4784.0	171.0	-684.0	-3564.0	1000.0	1000.0	1000.0	1000.0	20.316806
4.0	417.0	8520.0	46.0	1005.0	4784.0	171.0	-684.0	-3564.0	1000.0	1000.0	1000.0	1000.0	20.397184
4.0	417.0	8520.0	46.0	1005.0	4784.0	171.0	-684.0	-3564.0	1000.0	1000.0	1000.0	1000.0	20.477162
4.0	417.0	8520.0	46.0	1005.0	4784.0	171.0	-684.0	-3564.0	1000.0	1000.0	1000.0	1000.0	20.557164
4.0	417.0	8520.0	46.0	1005.0	4784.0	171.0	-684.0	-3564.0	1000.0	1000.0	1000.0	1000.0	20.637061
4.0	417.0	8520.0	46.0	1005.0	4784.0	171.0	-684.0	-3564.0	1000.0	1000.0	1000.0	1000.0	20.716573
4.0	417.0	8520.0	46.0	1005.0	4784.0	171.0	-684.0	-3564.0	1000.0	1000.0	1000.0	1000.0	20.796557
4.0	417.0	8520.0	46.0	1005.0	4784.0	171.0	-684.0	-3564.0	1000.0	1000.0	1000.0	1000.0	20.89251
4.0	417.0	8520.0	46.0	1005.0	4784.0	171.0	-684.0	-3564.0	1000.0	1000.0	1000.0	1000.0	20.972337
4.0	417.0	8520.0	46.0	1005.0	4784.0	171.0	-684.0	-3564.0	1000.0	1000.0	1000.0	1000.0	21.052355
4.0	417.0	8520.0	46.0	1005.0	4784.0	171.0	-684.0	-3564.0	1000.0	1000.0	1000.0	1000.0	21.132424
4.0	417.0	8520.0	46.0	1005.0	4784.0	171.0	-684.0	-3564.0	1000.0	1000.0	1000.0	1000.0	21.212203
4.0	416.0	8520.0	46.0	1005.0	4784.0	171.0	-684.0	-3564.0	1000.0	1000.0	1000.0	1000.0	21.292237
4.0	417.0	8520.0	46.0	1005.0	4784.0	171.0	-684.0	-3564.0	1000.0	1000.0	1000.0	1000.0	21.372242
4.0	417.0	8520.0	46.0	1005.0	4784.0	171.0	-684.0	-3564.0	1000.0	1000.0	1000.0	1000.0	21.452153
4.0	416.0	8520.0	46.0	1005.0	4784.0	171.0	-684.0	-3564.0	1000.0	1000.0	1000.0	1000.0	21.532268
4.0	409.0	8520.0	46.0	1005.0	4784.0	171.0	-684.0	-3564.0	1000.0	1000.0	1000.0	1000.0	21.612373
4.0	0.0	8520.0	46.0	1005.0	4784.0	171.0	-684.0	-3564.0	1000.0	1000.0	1000.0	1000.0	21.692125
4.0	0.0	8520.0	46.0	1005.0	4784.0	171.0	-684.0	-3564.0	1000.0	1000.0	1000.0	1000.0	21.772243
4.0	0.0	8520.0	46.0	1005.0	4784.0	171.0	-684.0	-3564.0	1000.0	1000.0	1000.0	1000.0	21.851981
4.0	0.0	8520.0	46.0	1005.0	4784.0	171.0	-684.0	-3564.0	1000.0	1000.0	1000.0	1000.0	21.931674
4.0	0.0	8520.0	46.0	1005.0	4784.0	171.0	-684.0	-3564.0	1000.0	1000.0	1000.0	1000.0	22.011563
4.0	0.0	8520.0	46.0	1005.0	4784.0	171.0	-684.0	-3564.0	1000.0	1000.0	1000.0	1000.0	22.091605
4.0	0.0	8520.0	46.0	1005.0	4784.0	171.0	-684.0	-3564.0	1000.0	1000.0	1000.0	1000.0	22.171849
4.0	0.0	8520.0	46.0	1005.0	4784.0	171.0	-684.0	-3564.0	1000.0	1000.0	1000.0	1000.0	22.251363
4.0	0.0	8520.0	46.0	1005.0	4784.0	171.0	-684.0	-3564.0	1000.0	1000.0	1000.0	1000.0	22.331505
4.0	0.0	8520.0	46.0	1005.0	4784.0	171.0	-684.0	-3564.0	1000.0	1000.0	1000.0	1000.0	22.411371
4.0	0.0	8520.0	46.0	1005.0	4784.0	171.0	-684.0	-3564.0	1000.0	1000.0	1000.0	1000.0	22.491314
4.0	0.0	8520.0	46.0	1005.0	4784.0	171.0	-684.0	-3564.0	1000.0	1000.0	1000.0	1000.0	22.571224
4.0	0.0	8520.0	46.0	1005.0	4784.0	171.0	-684.0	-3564.0	1000.0	1000.0	1000.0	1000.0	22.65119
4.0	0.0	8520.0	46.0	1005.0	4784.0	171.0	-684.0	-3564.0	1000.0	1000.0	1000.0	1000.0	22.747317
4.0	0.0	8520.0	46.0	1005.0	4784.0	171.0	-684.0	-3564.0	1000.0	1000.0	1000.0	1000.0	22.827071
4.0	0.0	8520.0	46.0	1005.0	4784.0	171.0	-684.0	-3564.0	1000.0	1000.0	1000.0	1000.0	22.907098
4.0	0.0	8520.0	46.0	1005.0	4784.0	171.0	-684.0	-3564.0	1000.0	1000.0	1000.0	1000.0	22.987009
4.0	0.0	8520.0	46.0	1005.0	4784.0	171.0	-684.0	-3564.0	1000.0	1000.0	1000.0	1000.0	23.067414
4.0	0.0	8520.0	46.0	1005.0	4784.0	171.0	-684.0	-3564.0	1000.0	1000.0	1000.0	1000.0	23.147321
4.0	0.0	8520.0	46.0	1005.0	4784.0	171.0	-684.0	-3564.0	1000.0	1000.0	1000.0	1000.0	23.226687
4.0	0.0	8520.0	46.0	1005.0	4784.0	171.0	-684.0	-3564.0	1000.0	1000.0	1000.0	1000.0	23.306722
4.0	0.0	8520.0	46.0	1005.0	4784.0	171.0	-684.0	-3564.0	1000.0	1000.0	1000.0	1000.0	23.387129
4.0	0.0	8520.0	46.0	1005.0	4784.0	171.0	-684.0	-3564.0	1000.0	1000.0	1000.0	1000.0	23.467099
4.0	0.0	8520.0	46.0	1005.0	4784.0	171.0	-684.0	-3564.0	1000.0	1000.0	1000.0	1000.0	23.547066
4.0	0.0	8520.0	46.0	1005.0	4784.0	171.0	-684.0	-3564.0	1000.0	1000.0	1000.0	1000.0	23.627004
4.0	0.0	8520.0	46.0	1005.0	4784.0	171.0	-684.0	-3564.0	1000.0	1000.0	1000.0	1000.0	23.706692
4.0	0.0	8520.0	46.0	1005.0	4784.0	171.0	-684.0	-3564.0	1000.0	1000.0	1000.0	1000.0	23.786313
4.0	0.0	8520.0	46.0	1005.0	4784.0	171.0	-684.0	-3564.0	1000.0	1000.0	1000.0	1000.0	23.866212
4.0	0.0	8520.0	46.0	1005.0	4784.0	171.0	-684.0	-3564.0	1000.0	1000.0	1000.0	1000.0	23.94644
4.0	0.0	8520.0	46.0	1005.0	4784.0	171.0	-684.0	-3564.0	1000.0	1000.0	1000.0	1000.0	24.02651
4.0	0.0	8520.0	46.0	1005.0	4784.0	171.0	-684.0	-3564.0	1000.0	1000.0	1000.0	1000.0	24.106501
4.0	0.0	8520.0	46.0	1005.0	4784.0	171.0	-684.0	-3564.0	1000.0	1000.0	1000.0	1000.0	24.186094
4.0	0.0	8520.0	46.0	1005.0	4784.0	171.0	-684.0	-3564.0	1000.0	1000.0	1000.0	1000.0	24.266491
4.0	0.0	8520.0	46.0	1005.0	4784.0	171.0	-684.0	-3564.0	1000.0	1000.0	1000.0	1000.0	24.361988
4.0	0.0	8520.0	46.0	1005.0	4784.0	171.0	-684.0	-3564.0	1000.0	1000.0	1000.0	1000.0	24.441948
4.0	0.0	8520.0	46.0	1005.0	4784.0	171.0	-684.0	-3564.0	1000.0	1000.0	1000.0	1000.0	24.52234
4.0	0.0	8520.0	46.0	1005.0	4784.0	171.0	-684.0	-3564.0	1000.0	1000.0	1000.0	1000.0	24.60221
4.0	0.0	8520.0	46.0	1005.0	4784.0	171.0	-684.0	-3564.0	1000.0	1000.0	1000.0	1000.0	24.682268
4.0	0.0	8520.0	46.0	1005.0	4784.0	171.0	-684.0	-3564.0	1000.0	1000.0	1000.0	1000.0	24.761852
4.0	0.0	8520.0	46.0	1005.0	4784.0	171.0	-684.0	-3564.0	1000.0	1000.0	1000.0	1000.0	24.841731
